threads,execucao,tempo
1,1,0.390449
1,2,0.371315
1,3,0.373201
1,4,0.371395
1,5,0.376244
1,6,0.393114
1,7,0.391055
1,8,0.375825
1,9,0.393557
1,10,0.382923
1,11,0.373902
1,12,0.385704
1,13,0.374209
1,14,0.373775
1,15,0.370365
1,16,0.369759
1,17,0.369286
1,18,0.368464
1,19,0.367897
1,20,0.368057
1,21,0.367578
1,22,0.367715
1,23,0.367720
1,24,0.368103
1,25,0.368735
1,26,0.367930
1,27,0.367508
1,28,0.367936
1,29,0.367890
1,30,0.370701
1,31,0.367495
1,32,0.367273
1,33,0.367326
1,34,0.367860
1,35,0.367732
1,36,0.367559
1,37,0.367406
1,38,0.367444
1,39,0.370234
1,40,0.367883
1,41,0.367963
1,42,0.367838
1,43,0.367626
1,44,0.367821
1,45,0.367730
1,46,0.367894
1,47,0.368093
1,48,0.367592
1,49,0.367709
1,50,0.368341
1,51,0.368190
1,52,0.367998
1,53,0.367707
1,54,0.367641
1,55,0.367499
1,56,0.367599
1,57,0.367548
1,58,0.372444
1,59,0.367481
1,60,0.367425
1,61,0.367815
1,62,0.368074
1,63,0.367423
1,64,0.367985
1,65,0.370630
1,66,0.368740
1,67,0.369573
1,68,0.367693
1,69,0.372259
1,70,0.370839
1,71,0.367387
1,72,0.371662
1,73,0.367309
1,74,0.367930
1,75,0.367660
1,76,0.370941
1,77,0.370743
1,78,0.369478
1,79,0.367460
1,80,0.368661
1,81,0.371829
1,82,0.367640
1,83,0.371659
1,84,0.367320
1,85,0.372323
1,86,0.367800
1,87,0.367574
1,88,0.367577
1,89,0.367613
1,90,0.367365
1,91,0.371914
1,92,0.367257
1,93,0.367988
1,94,0.370207
1,95,0.369865
1,96,0.370367
1,97,0.367551
1,98,0.369995
1,99,0.368107
1,100,0.369974
1,101,0.367109
1,102,0.369020
1,103,0.367226
1,104,0.370033
1,105,0.367287
1,106,0.369923
1,107,0.369790
1,108,0.367624
1,109,0.367624
1,110,0.367808
1,111,0.367791
1,112,0.372014
1,113,0.367558
1,114,0.367885
1,115,0.373104
1,116,0.367480
1,117,0.367512
1,118,0.370230
1,119,0.367403
1,120,0.370080
1,121,0.367770
1,122,0.367747
1,123,0.368179
1,124,0.370303
1,125,0.369981
1,126,0.370503
1,127,0.367561
1,128,0.370187
1,129,0.367578
1,130,0.367392
1,131,0.367835
1,132,0.370453
1,133,0.367681
1,134,0.367484
1,135,0.366891
1,136,0.366685
1,137,0.369166
1,138,0.367354
1,139,0.368411
1,140,0.367533
1,141,0.367272
1,142,0.368008
1,143,0.368984
1,144,0.370007
1,145,0.367503
1,146,0.370226
1,147,0.368561
1,148,0.384680
1,149,0.367291
1,150,0.369561
1,151,0.367420
1,152,0.367411
1,153,0.367491
1,154,0.368138
1,155,0.367635
1,156,0.369110
1,157,0.366955
1,158,0.367947
1,159,0.367682
1,160,0.367528
1,161,0.367873
1,162,0.367968
1,163,0.367657
1,164,0.368274
1,165,0.367524
1,166,0.367753
1,167,0.367776
1,168,0.367574
1,169,0.367890
1,170,0.369749
1,171,0.367550
1,172,0.367613
1,173,0.367208
1,174,0.367368
1,175,0.367281
1,176,0.367712
1,177,0.367629
1,178,0.367369
1,179,0.367489
1,180,0.367348
1,181,0.367375
1,182,0.368483
1,183,0.367500
1,184,0.368092
1,185,0.367645
1,186,0.367603
1,187,0.367242
1,188,0.367358
1,189,0.367363
1,190,0.367957
1,191,0.367697
1,192,0.372240
1,193,0.368993
1,194,0.368074
1,195,0.367654
1,196,0.387235
1,197,0.372866
1,198,0.383443
1,199,0.378564
1,200,0.371714
1,201,0.367270
1,202,0.367977
1,203,0.368110
1,204,0.368264
1,205,0.383587
1,206,0.373468
1,207,0.369366
1,208,0.376468
1,209,0.370069
1,210,0.373276
1,211,0.367529
1,212,0.368294
1,213,0.368288
1,214,0.370781
1,215,0.369029
1,216,0.367262
1,217,0.367404
1,218,0.372191
1,219,0.367599
1,220,0.369519
1,221,0.371752
1,222,0.367247
1,223,0.368414
1,224,0.367453
1,225,0.368177
1,226,0.369864
1,227,0.367653
1,228,0.368801
1,229,0.367891
1,230,0.370167
1,231,0.372327
1,232,0.374080
1,233,0.375386
1,234,0.371152
1,235,0.372758
1,236,0.371680
1,237,0.375548
1,238,0.373587
1,239,0.370665
1,240,0.371540
1,241,0.386368
1,242,0.369047
1,243,0.367560
1,244,0.371982
1,245,0.385605
1,246,0.368134
1,247,0.379036
1,248,0.371371
1,249,0.370356
1,250,0.409105
1,251,0.436238
1,252,0.387006
1,253,0.372792
1,254,0.372549
1,255,0.368447
1,256,0.369480
1,257,0.382695
1,258,0.369431
1,259,0.368948
1,260,0.367149
1,261,0.375960
1,262,0.375589
1,263,0.370122
1,264,0.368320
1,265,0.370809
1,266,0.372897
1,267,0.368327
1,268,0.368142
1,269,0.368133
1,270,0.369635
1,271,0.371772
1,272,0.368334
1,273,0.373677
1,274,0.372944
1,275,0.376184
1,276,0.396497
1,277,0.375929
1,278,0.372723
1,279,0.375379
1,280,0.380440
1,281,0.375105
1,282,0.388093
1,283,0.374589
1,284,0.390315
1,285,0.371042
1,286,0.372207
1,287,0.379415
1,288,0.381986
1,289,0.388278
1,290,0.369586
1,291,0.372820
1,292,0.400276
1,293,0.388156
1,294,0.411294
1,295,0.381852
1,296,0.373450
1,297,0.368788
1,298,0.373066
1,299,0.370868
1,300,0.395130
1,301,0.377057
1,302,0.374502
1,303,0.368166
1,304,0.368743
1,305,0.368861
1,306,0.372891
1,307,0.380095
1,308,0.394177
1,309,0.391947
1,310,0.408023
1,311,0.374597
1,312,0.377356
1,313,0.378678
1,314,0.382752
1,315,0.383909
1,316,0.368895
1,317,0.367542
1,318,0.367746
1,319,0.367457
1,320,0.368200
1,321,0.370662
1,322,0.370941
1,323,0.370769
1,324,0.371850
1,325,0.381673
1,326,0.367457
1,327,0.367509
1,328,0.368737
1,329,0.374838
1,330,0.367572
1,331,0.367569
1,332,0.367316
1,333,0.367330
1,334,0.368193
1,335,0.367405
1,336,0.369742
1,337,0.369402
1,338,0.369949
1,339,0.367803
1,340,0.367850
1,341,0.367934
1,342,0.367585
1,343,0.371495
1,344,0.367767
1,345,0.368108
1,346,0.369997
1,347,0.367275
1,348,0.378304
1,349,0.368080
1,350,0.367661
1,351,0.369012
1,352,0.368488
1,353,0.368125
1,354,0.367357
1,355,0.367873
1,356,0.390135
1,357,0.369349
1,358,0.371040
1,359,0.377691
1,360,0.387858
1,361,0.459095
1,362,0.370808
1,363,0.370780
1,364,0.370519
1,365,0.375012
1,366,0.377165
1,367,0.383158
1,368,0.370893
1,369,0.372094
1,370,0.375580
1,371,0.370673
1,372,0.367711
1,373,0.368902
1,374,0.368234
1,375,0.373737
1,376,0.367889
1,377,0.370271
1,378,0.367317
1,379,0.367777
1,380,0.368749
1,381,0.367468
1,382,0.392789
1,383,0.368954
1,384,0.367727
1,385,0.367952
1,386,0.368868
1,387,0.368853
1,388,0.368141
1,389,0.368995
1,390,0.367548
1,391,0.367198
1,392,0.367306
1,393,0.370092
1,394,0.367675
1,395,0.367842
1,396,0.367888
1,397,0.368350
1,398,0.368345
1,399,0.368075
1,400,0.367375
1,401,0.367254
1,402,0.367767
1,403,0.367609
1,404,0.367313
1,405,0.367734
1,406,0.367736
1,407,0.367640
1,408,0.367323
1,409,0.367288
1,410,0.367768
1,411,0.369358
1,412,0.367403
1,413,0.367884
1,414,0.368183
1,415,0.368051
1,416,0.367121
1,417,0.368313
1,418,0.368205
1,419,0.367662
1,420,0.367980
1,421,0.367491
1,422,0.367407
1,423,0.367374
1,424,0.367870
1,425,0.367386
1,426,0.367258
1,427,0.367611
1,428,0.367388
1,429,0.367369
1,430,0.368142
1,431,0.367573
1,432,0.367819
1,433,0.367642
1,434,0.367870
1,435,0.368100
1,436,0.367249
1,437,0.372339
1,438,0.368103
1,439,0.369861
1,440,0.369045
1,441,0.368562
1,442,0.368879
1,443,0.367335
1,444,0.367367
1,445,0.367320
1,446,0.367231
1,447,0.367367
1,448,0.367305
1,449,0.367435
1,450,0.366648
1,451,0.367512
1,452,0.367199
1,453,0.367618
1,454,0.367634
1,455,0.367152
1,456,0.367702
1,457,0.367269
1,458,0.367054
1,459,0.367578
1,460,0.367430
1,461,0.367424
1,462,0.367544
1,463,0.381219
1,464,0.367313
1,465,0.367181
1,466,0.367153
1,467,0.367300
1,468,0.367216
1,469,0.367908
1,470,0.367325
1,471,0.367438
1,472,0.367199
1,473,0.367361
1,474,0.367324
1,475,0.367682
1,476,0.367511
1,477,0.367466
1,478,0.369692
1,479,0.369947
1,480,0.369226
1,481,0.367363
1,482,0.367422
1,483,0.367431
1,484,0.367751
1,485,0.367092
1,486,0.369685
1,487,0.370615
1,488,0.370442
1,489,0.368858
1,490,0.367110
1,491,0.369319
1,492,0.367482
1,493,0.368401
1,494,0.368154
1,495,0.368463
1,496,0.367650
1,497,0.367175
1,498,0.367876
1,499,0.366460
1,500,0.367399
1,501,0.366945
1,502,0.367331
1,503,0.369537
1,504,0.368616
1,505,0.367156
1,506,0.367205
1,507,0.367107
1,508,0.367158
1,509,0.367684
1,510,0.367647
1,511,0.367278
1,512,0.367135
1,513,0.367414
1,514,0.367611
1,515,0.367366
1,516,0.367418
1,517,0.367333
1,518,0.367355
1,519,0.367643
1,520,0.367425
1,521,0.367489
1,522,0.367331
1,523,0.367405
1,524,0.367456
1,525,0.367646
1,526,0.367485
1,527,0.367842
1,528,0.368387
1,529,0.367496
1,530,0.370336
1,531,0.367560
1,532,0.367513
1,533,0.367483
1,534,0.367582
1,535,0.367722
1,536,0.368276
1,537,0.367825
1,538,0.367352
1,539,0.367221
1,540,0.367611
1,541,0.367653
1,542,0.367476
1,543,0.367319
1,544,0.376747
1,545,0.368829
1,546,0.367978
1,547,0.369958
1,548,0.368117
1,549,0.367430
1,550,0.367227
1,551,0.367741
1,552,0.367451
1,553,0.367707
1,554,0.367401
1,555,0.367182
1,556,0.368486
1,557,0.370858
1,558,0.367391
1,559,0.367939
1,560,0.367900
1,561,0.367326
1,562,0.367788
1,563,0.369507
1,564,0.368490
1,565,0.373883
1,566,0.367135
1,567,0.368244
1,568,0.367444
1,569,0.367612
1,570,0.367518
1,571,0.366946
1,572,0.367488
1,573,0.367499
1,574,0.367435
1,575,0.367272
1,576,0.367290
1,577,0.367198
1,578,0.367938
1,579,0.367130
1,580,0.367156
1,581,0.367323
1,582,0.367257
1,583,0.367259
1,584,0.367208
1,585,0.367193
1,586,0.367768
1,587,0.366868
1,588,0.367576
1,589,0.367524
1,590,0.367424
1,591,0.371499
1,592,0.367931
1,593,0.371570
1,594,0.373490
1,595,0.372746
1,596,0.379775
1,597,0.368691
1,598,0.367495
1,599,0.367449
1,600,0.368072
1,601,0.367561
1,602,0.367139
1,603,0.367385
1,604,0.367189
1,605,0.367359
1,606,0.368237
1,607,0.367167
1,608,0.373504
1,609,0.367668
1,610,0.367153
1,611,0.367519
1,612,0.367391
1,613,0.367483
1,614,0.367271
1,615,0.367338
1,616,0.367526
1,617,0.367300
1,618,0.367587
1,619,0.368277
1,620,0.367323
1,621,0.367585
1,622,0.367459
1,623,0.367306
1,624,0.367300
1,625,0.368103
1,626,0.382242
1,627,0.367577
1,628,0.367292
1,629,0.367646
1,630,0.367952
1,631,0.367586
1,632,0.367574
1,633,0.368348
1,634,0.367398
1,635,0.367457
1,636,0.367319
1,637,0.367270
1,638,0.367042
1,639,0.367479
1,640,0.366883
1,641,0.368272
1,642,0.369144
1,643,0.367328
1,644,0.367170
1,645,0.367425
1,646,0.367735
1,647,0.367253
1,648,0.367065
1,649,0.367829
1,650,0.369689
1,651,0.367596
1,652,0.367849
1,653,0.367101
1,654,0.367398
1,655,0.368497
1,656,0.367698
1,657,0.367418
1,658,0.367458
1,659,0.367254
1,660,0.368171
1,661,0.367782
1,662,0.367219
1,663,0.367313
1,664,0.370256
1,665,0.367749
1,666,0.367159
1,667,0.367250
1,668,0.367155
1,669,0.366931
1,670,0.367781
1,671,0.367245
1,672,0.366885
1,673,0.367142
1,674,0.367224
1,675,0.367515
1,676,0.367343
1,677,0.366716
1,678,0.367257
1,679,0.367752
1,680,0.367311
1,681,0.367055
1,682,0.367125
1,683,0.367384
1,684,0.367403
1,685,0.367187
1,686,0.366937
1,687,0.367127
1,688,0.367409
1,689,0.367417
1,690,0.367803
1,691,0.367077
1,692,0.367562
1,693,0.367036
1,694,0.367260
1,695,0.367464
1,696,0.367100
1,697,0.366970
1,698,0.367772
1,699,0.366627
1,700,0.366952
1,701,0.367212
1,702,0.367245
1,703,0.367511
1,704,0.367564
1,705,0.367040
1,706,0.367382
1,707,0.367205
1,708,0.369791
1,709,0.367369
1,710,0.367304
1,711,0.367475
1,712,0.367277
1,713,0.367369
1,714,0.367509
1,715,0.367553
1,716,0.367266
1,717,0.367412
1,718,0.367442
1,719,0.367442
1,720,0.367723
1,721,0.367015
1,722,0.367348
1,723,0.367974
1,724,0.367295
1,725,0.367906
1,726,0.366918
1,727,0.367568
1,728,0.367265
1,729,0.366738
1,730,0.367326
1,731,0.367433
1,732,0.366724
1,733,0.367237
1,734,0.367371
1,735,0.367248
1,736,0.367483
1,737,0.367040
1,738,0.367064
1,739,0.373990
1,740,0.367221
1,741,0.367578
1,742,0.367517
1,743,0.367316
1,744,0.367579
1,745,0.367651
1,746,0.367384
1,747,0.367590
1,748,0.367225
1,749,0.373515
1,750,0.366988
1,751,0.367174
1,752,0.371190
1,753,0.367152
1,754,0.367205
1,755,0.367337
1,756,0.367213
1,757,0.367883
1,758,0.367506
1,759,0.367560
1,760,0.367151
1,761,0.367225
1,762,0.367393
1,763,0.371119
1,764,0.367340
1,765,0.367217
1,766,0.367023
1,767,0.367577
1,768,0.374168
1,769,0.367430
1,770,0.367292
1,771,0.367589
1,772,0.367290
1,773,0.367193
1,774,0.367115
1,775,0.367540
1,776,0.367231
1,777,0.367457
1,778,0.367208
1,779,0.368469
1,780,0.368838
1,781,0.367126
1,782,0.367392
1,783,0.367337
1,784,0.367265
1,785,0.368029
1,786,0.367196
1,787,0.370734
1,788,0.367506
1,789,0.367188
1,790,0.367525
1,791,0.367308
1,792,0.367410
1,793,0.367517
1,794,0.367214
1,795,0.386088
1,796,0.368012
1,797,0.367606
1,798,0.368096
1,799,0.367607
1,800,0.367025
1,801,0.367013
1,802,0.367144
1,803,0.367771
1,804,0.367862
1,805,0.367313
1,806,0.367402
1,807,0.367636
1,808,0.367464
1,809,0.367480
1,810,0.367431
1,811,0.370554
1,812,0.369245
1,813,0.368159
1,814,0.367515
1,815,0.367414
1,816,0.366804
1,817,0.367316
1,818,0.367974
1,819,0.367455
1,820,0.373812
1,821,0.367762
1,822,0.367602
1,823,0.367534
1,824,0.367898
1,825,0.367217
1,826,0.368073
1,827,0.367410
1,828,0.368876
1,829,0.367669
1,830,0.367291
1,831,0.367214
1,832,0.367244
1,833,0.367662
1,834,0.367473
1,835,0.367421
1,836,0.367503
1,837,0.367448
1,838,0.367184
1,839,0.369375
1,840,0.367462
1,841,0.368340
1,842,0.367191
1,843,0.367407
1,844,0.367596
1,845,0.367555
1,846,0.365815
1,847,0.368206
1,848,0.367230
1,849,0.367633
1,850,0.368268
1,851,0.367320
1,852,0.368947
1,853,0.369451
1,854,0.367759
1,855,0.373760
1,856,0.368230
1,857,0.367522
1,858,0.367625
1,859,0.366944
1,860,0.368446
1,861,0.367156
1,862,0.367271
1,863,0.367323
1,864,0.367401
1,865,0.367505
1,866,0.367532
1,867,0.367352
1,868,0.367012
1,869,0.367650
1,870,0.367621
1,871,0.367804
1,872,0.368361
1,873,0.367413
1,874,0.366583
1,875,0.367543
1,876,0.367449
1,877,0.368542
1,878,0.371240
1,879,0.367619
1,880,0.367768
1,881,0.377344
1,882,0.368142
1,883,0.368699
1,884,0.367428
1,885,0.384456
1,886,0.368431
1,887,0.367667
1,888,0.367639
1,889,0.367445
1,890,0.371585
1,891,0.367669
1,892,0.367608
1,893,0.369790
1,894,0.367335
1,895,0.367035
1,896,0.367115
1,897,0.369372
1,898,0.373142
1,899,0.390642
1,900,0.371665
1,901,0.367698
1,902,0.367482
1,903,0.367229
1,904,0.367499
1,905,0.397312
1,906,0.367564
1,907,0.367772
1,908,0.367335
1,909,0.368551
1,910,0.372503
1,911,0.367333
1,912,0.367585
1,913,0.371979
1,914,0.370145
1,915,0.367294
1,916,0.366961
1,917,0.369658
1,918,0.369208
1,919,0.368111
1,920,0.373681
1,921,0.369978
1,922,0.367690
1,923,0.367778
1,924,0.369821
1,925,0.368270
1,926,0.372045
1,927,0.367372
1,928,0.367456
1,929,0.368765
1,930,0.368971
1,931,0.376720
1,932,0.392847
1,933,0.370017
1,934,0.381359
1,935,0.369615
1,936,0.368196
1,937,0.370474
1,938,0.368132
1,939,0.366747
1,940,0.368031
1,941,0.366930
1,942,0.367497
1,943,0.372360
1,944,0.369785
1,945,0.369682
1,946,0.367502
1,947,0.367132
1,948,0.367598
1,949,0.369252
1,950,0.368154
1,951,0.367288
1,952,0.367511
1,953,0.369229
1,954,0.367025
1,955,0.367220
1,956,0.374628
1,957,0.367472
1,958,0.368888
1,959,0.367619
1,960,0.367036
1,961,0.367627
1,962,0.369833
1,963,0.368832
1,964,0.373513
1,965,0.368066
1,966,0.368397
1,967,0.369003
1,968,0.369050
1,969,0.368172
1,970,0.367540
1,971,0.368394
1,972,0.366923
1,973,0.367186
1,974,0.367150
1,975,0.368556
1,976,0.367494
1,977,0.367405
1,978,0.367487
1,979,0.367182
1,980,0.370935
1,981,0.375612
1,982,0.373951
1,983,0.367312
1,984,0.367636
1,985,0.367255
1,986,0.368360
1,987,0.367256
1,988,0.368678
1,989,0.367378
1,990,0.377499
1,991,0.372972
1,992,0.371754
1,993,0.368942
1,994,0.367275
1,995,0.367029
1,996,0.368156
1,997,0.367878
1,998,0.367475
1,999,0.371324
1,1000,0.379743
2,1,0.202348
2,2,0.200585
2,3,0.200566
2,4,0.200642
2,5,0.199004
2,6,0.200143
2,7,0.198984
2,8,0.200576
2,9,0.199746
2,10,0.199364
2,11,0.199454
2,12,0.198621
2,13,0.199738
2,14,0.199481
2,15,0.198923
2,16,0.198866
2,17,0.198815
2,18,0.199587
2,19,0.199816
2,20,0.199057
2,21,0.198861
2,22,0.198205
2,23,0.199147
2,24,0.206557
2,25,0.198964
2,26,0.198662
2,27,0.199223
2,28,0.199210
2,29,0.202507
2,30,0.200329
2,31,0.199418
2,32,0.200646
2,33,0.200733
2,34,0.201001
2,35,0.199462
2,36,0.198571
2,37,0.198853
2,38,0.198958
2,39,0.200136
2,40,0.199671
2,41,0.199378
2,42,0.199420
2,43,0.201973
2,44,0.199201
2,45,0.198560
2,46,0.200954
2,47,0.201823
2,48,0.199757
2,49,0.199770
2,50,0.199089
2,51,0.211933
2,52,0.222158
2,53,0.231040
2,54,0.233434
2,55,0.239528
2,56,0.244466
2,57,0.241757
2,58,0.239391
2,59,0.241858
2,60,0.245244
2,61,0.251495
2,62,0.247527
2,63,0.242325
2,64,0.243206
2,65,0.242399
2,66,0.232758
2,67,0.233448
2,68,0.233787
2,69,0.234492
2,70,0.243109
2,71,0.242971
2,72,0.236959
2,73,0.263641
2,74,0.250775
2,75,0.241870
2,76,0.242422
2,77,0.241636
2,78,0.240978
2,79,0.233462
2,80,0.239013
2,81,0.244268
2,82,0.241845
2,83,0.242688
2,84,0.235876
2,85,0.234882
2,86,0.237431
2,87,0.245720
2,88,0.232742
2,89,0.233494
2,90,0.234920
2,91,0.233494
2,92,0.233967
2,93,0.234117
2,94,0.240656
2,95,0.232936
2,96,0.234317
2,97,0.232662
2,98,0.235882
2,99,0.235500
2,100,0.234308
2,101,0.239000
2,102,0.233761
2,103,0.232862
2,104,0.233076
2,105,0.233719
2,106,0.233709
2,107,0.234057
2,108,0.234039
2,109,0.235718
2,110,0.237332
2,111,0.233293
2,112,0.232801
2,113,0.232258
2,114,0.234042
2,115,0.234785
2,116,0.242359
2,117,0.241666
2,118,0.236871
2,119,0.242578
2,120,0.242318
2,121,0.236797
2,122,0.233558
2,123,0.233759
2,124,0.233597
2,125,0.232857
2,126,0.235249
2,127,0.234755
2,128,0.234069
2,129,0.232186
2,130,0.234656
2,131,0.234446
2,132,0.233408
2,133,0.235261
2,134,0.233416
2,135,0.234377
2,136,0.237560
2,137,0.243395
2,138,0.234315
2,139,0.233646
2,140,0.235670
2,141,0.242114
2,142,0.238382
2,143,0.235849
2,144,0.238427
2,145,0.242703
2,146,0.235708
2,147,0.234972
2,148,0.235405
2,149,0.242595
2,150,0.238383
2,151,0.234236
2,152,0.233758
2,153,0.232790
2,154,0.233404
2,155,0.232982
2,156,0.232599
2,157,0.232909
2,158,0.233689
2,159,0.233502
2,160,0.232504
2,161,0.226098
2,162,0.229819
2,163,0.232916
2,164,0.229571
2,165,0.231294
2,166,0.232796
2,167,0.233752
2,168,0.233567
2,169,0.230253
2,170,0.231400
2,171,0.233180
2,172,0.233239
2,173,0.226720
2,174,0.230853
2,175,0.233239
2,176,0.233191
2,177,0.233475
2,178,0.233948
2,179,0.233683
2,180,0.234603
2,181,0.233042
2,182,0.233649
2,183,0.234076
2,184,0.235061
2,185,0.244405
2,186,0.241403
2,187,0.234867
2,188,0.235564
2,189,0.233353
2,190,0.233591
2,191,0.234642
2,192,0.234761
2,193,0.237224
2,194,0.234530
2,195,0.235484
2,196,0.241626
2,197,0.242612
2,198,0.235054
2,199,0.233483
2,200,0.236236
2,201,0.233389
2,202,0.232939
2,203,0.233869
2,204,0.236118
2,205,0.243414
2,206,0.242857
2,207,0.242642
2,208,0.240577
2,209,0.233626
2,210,0.233072
2,211,0.232962
2,212,0.234487
2,213,0.234687
2,214,0.234176
2,215,0.234994
2,216,0.237816
2,217,0.243290
2,218,0.237849
2,219,0.237865
2,220,0.233590
2,221,0.233650
2,222,0.259854
2,223,0.262037
2,224,0.247617
2,225,0.241418
2,226,0.234569
2,227,0.233346
2,228,0.234317
2,229,0.233015
2,230,0.242172
2,231,0.241803
2,232,0.240614
2,233,0.234010
2,234,0.232803
2,235,0.257769
2,236,0.247791
2,237,0.241440
2,238,0.235296
2,239,0.233247
2,240,0.233136
2,241,0.233434
2,242,0.233551
2,243,0.233141
2,244,0.230364
2,245,0.225390
2,246,0.233688
2,247,0.233673
2,248,0.232881
2,249,0.233311
2,250,0.234087
2,251,0.233516
2,252,0.233396
2,253,0.233494
2,254,0.233757
2,255,0.233839
2,256,0.234375
2,257,0.232870
2,258,0.234188
2,259,0.233079
2,260,0.232944
2,261,0.233988
2,262,0.234741
2,263,0.239967
2,264,0.241629
2,265,0.232471
2,266,0.234942
2,267,0.234271
2,268,0.242083
2,269,0.237537
2,270,0.240460
2,271,0.241583
2,272,0.233449
2,273,0.233863
2,274,0.233380
2,275,0.239838
2,276,0.239971
2,277,0.233880
2,278,0.232642
2,279,0.235329
2,280,0.242107
2,281,0.236181
2,282,0.233023
2,283,0.233610
2,284,0.233208
2,285,0.236966
2,286,0.233331
2,287,0.232684
2,288,0.236231
2,289,0.241631
2,290,0.238813
2,291,0.233652
2,292,0.235035
2,293,0.241688
2,294,0.245310
2,295,0.241815
2,296,0.241193
2,297,0.235455
2,298,0.244459
2,299,0.241444
2,300,0.233936
2,301,0.234191
2,302,0.243529
2,303,0.242030
2,304,0.235321
2,305,0.233412
2,306,0.233546
2,307,0.236551
2,308,0.247539
2,309,0.268960
2,310,0.253436
2,311,0.241915
2,312,0.237049
2,313,0.244280
2,314,0.242574
2,315,0.244895
2,316,0.262361
2,317,0.292025
2,318,0.288673
2,319,0.271498
2,320,0.286197
2,321,0.352685
2,322,0.361995
2,323,0.424761
2,324,0.422581
2,325,0.358611
2,326,0.291363
2,327,0.267678
2,328,0.257650
2,329,0.257860
2,330,0.250240
2,331,0.241924
2,332,0.235210
2,333,0.244913
2,334,0.246127
2,335,0.242046
2,336,0.240071
2,337,0.233210
2,338,0.233536
2,339,0.233343
2,340,0.233159
2,341,0.233651
2,342,0.231431
2,343,0.225457
2,344,0.231006
2,345,0.235287
2,346,0.236034
2,347,0.238050
2,348,0.232832
2,349,0.233267
2,350,0.233396
2,351,0.238745
2,352,0.233613
2,353,0.232946
2,354,0.234496
2,355,0.232696
2,356,0.233671
2,357,0.229212
2,358,0.233093
2,359,0.233490
2,360,0.233947
2,361,0.234498
2,362,0.228034
2,363,0.226577
2,364,0.232469
2,365,0.232068
2,366,0.226146
2,367,0.227103
2,368,0.234728
2,369,0.234065
2,370,0.233285
2,371,0.232844
2,372,0.227850
2,373,0.229473
2,374,0.232239
2,375,0.231559
2,376,0.226805
2,377,0.233288
2,378,0.233109
2,379,0.225981
2,380,0.228254
2,381,0.233716
2,382,0.232878
2,383,0.233176
2,384,0.233652
2,385,0.235432
2,386,0.233617
2,387,0.233525
2,388,0.257399
2,389,0.270485
2,390,0.261999
2,391,0.254366
2,392,0.246735
2,393,0.243272
2,394,0.249264
2,395,0.259293
2,396,0.253942
2,397,0.243043
2,398,0.243409
2,399,0.238670
2,400,0.235211
2,401,0.245527
2,402,0.257296
2,403,0.255614
2,404,0.244394
2,405,0.253057
2,406,0.259013
2,407,0.289320
2,408,0.267798
2,409,0.266189
2,410,0.256937
2,411,0.261255
2,412,0.270541
2,413,0.266526
2,414,0.273184
2,415,0.271122
2,416,0.251370
2,417,0.254262
2,418,0.267081
2,419,0.261625
2,420,0.254276
2,421,0.252867
2,422,0.257719
2,423,0.250766
2,424,0.249856
2,425,0.249342
2,426,0.251586
2,427,0.262510
2,428,0.247032
2,429,0.242129
2,430,0.248646
2,431,0.255572
2,432,0.273220
2,433,0.253350
2,434,0.254548
2,435,0.263199
2,436,0.254466
2,437,0.251850
2,438,0.241514
2,439,0.241977
2,440,0.242729
2,441,0.238044
2,442,0.242701
2,443,0.264782
2,444,0.264534
2,445,0.257534
2,446,0.262623
2,447,0.256148
2,448,0.259618
2,449,0.256929
2,450,0.246620
2,451,0.270433
2,452,0.260541
2,453,0.261602
2,454,0.291302
2,455,0.365446
2,456,0.340295
2,457,0.402500
2,458,0.405655
2,459,0.334930
2,460,0.291289
2,461,0.287522
2,462,0.267493
2,463,0.284009
2,464,0.319156
2,465,0.289367
2,466,0.284330
2,467,0.259295
2,468,0.258372
2,469,0.271687
2,470,0.259453
2,471,0.259558
2,472,0.286497
2,473,0.284750
2,474,0.275354
2,475,0.260681
2,476,0.245716
2,477,0.244986
2,478,0.243282
2,479,0.234435
2,480,0.233823
2,481,0.243485
2,482,0.242254
2,483,0.242818
2,484,0.253740
2,485,0.248126
2,486,0.242351
2,487,0.243434
2,488,0.233668
2,489,0.232967
2,490,0.233034
2,491,0.234093
2,492,0.237005
2,493,0.236243
2,494,0.236416
2,495,0.234040
2,496,0.233242
2,497,0.233062
2,498,0.232883
2,499,0.233830
2,500,0.234185
2,501,0.240039
2,502,0.232705
2,503,0.234275
2,504,0.233612
2,505,0.233562
2,506,0.237467
2,507,0.234095
2,508,0.233249
2,509,0.236399
2,510,0.233349
2,511,0.232943
2,512,0.234377
2,513,0.233582
2,514,0.232663
2,515,0.233211
2,516,0.229446
2,517,0.228786
2,518,0.233708
2,519,0.231471
2,520,0.225522
2,521,0.234784
2,522,0.242274
2,523,0.241950
2,524,0.236537
2,525,0.243027
2,526,0.237394
2,527,0.234285
2,528,0.233833
2,529,0.233574
2,530,0.236043
2,531,0.232385
2,532,0.233583
2,533,0.233308
2,534,0.232854
2,535,0.225513
2,536,0.229179
2,537,0.234051
2,538,0.234500
2,539,0.233971
2,540,0.225555
2,541,0.227551
2,542,0.234130
2,543,0.233545
2,544,0.233200
2,545,0.233632
2,546,0.232859
2,547,0.233157
2,548,0.235038
2,549,0.240345
2,550,0.241535
2,551,0.242633
2,552,0.250572
2,553,0.253591
2,554,0.264555
2,555,0.266674
2,556,0.258287
2,557,0.247339
2,558,0.242873
2,559,0.280994
2,560,0.278899
2,561,0.269985
2,562,0.251980
2,563,0.241855
2,564,0.239408
2,565,0.234125
2,566,0.234121
2,567,0.241752
2,568,0.237341
2,569,0.232091
2,570,0.233608
2,571,0.245763
2,572,0.244349
2,573,0.240261
2,574,0.232227
2,575,0.233536
2,576,0.240402
2,577,0.240960
2,578,0.241173
2,579,0.239276
2,580,0.236029
2,581,0.232096
2,582,0.233267
2,583,0.232629
2,584,0.232136
2,585,0.233246
2,586,0.232538
2,587,0.233234
2,588,0.229068
2,589,0.233811
2,590,0.233317
2,591,0.234428
2,592,0.234167
2,593,0.233460
2,594,0.232921
2,595,0.233311
2,596,0.233365
2,597,0.233406
2,598,0.230929
2,599,0.225373
2,600,0.230333
2,601,0.237142
2,602,0.233869
2,603,0.233668
2,604,0.232723
2,605,0.233514
2,606,0.233197
2,607,0.233238
2,608,0.232969
2,609,0.231213
2,610,0.240985
2,611,0.241880
2,612,0.241750
2,613,0.239648
2,614,0.233681
2,615,0.233251
2,616,0.232172
2,617,0.233845
2,618,0.232285
2,619,0.232779
2,620,0.233554
2,621,0.233706
2,622,0.232980
2,623,0.225336
2,624,0.229217
2,625,0.232897
2,626,0.233542
2,627,0.225215
2,628,0.230689
2,629,0.233674
2,630,0.234302
2,631,0.233640
2,632,0.233965
2,633,0.232681
2,634,0.227515
2,635,0.233497
2,636,0.233361
2,637,0.232623
2,638,0.232589
2,639,0.232601
2,640,0.233332
2,641,0.227265
2,642,0.235965
2,643,0.232471
2,644,0.233243
2,645,0.233350
2,646,0.229882
2,647,0.253847
2,648,0.241351
2,649,0.238250
2,650,0.234695
2,651,0.238324
2,652,0.235622
2,653,0.233151
2,654,0.232584
2,655,0.236220
2,656,0.233890
2,657,0.238022
2,658,0.241834
2,659,0.241961
2,660,0.234185
2,661,0.234726
2,662,0.233323
2,663,0.233309
2,664,0.233808
2,665,0.236245
2,666,0.233294
2,667,0.233838
2,668,0.243829
2,669,0.238569
2,670,0.234656
2,671,0.241845
2,672,0.236455
2,673,0.242596
2,674,0.232380
2,675,0.232874
2,676,0.233107
2,677,0.233216
2,678,0.233830
2,679,0.233620
2,680,0.237055
2,681,0.235268
2,682,0.233757
2,683,0.234324
2,684,0.241365
2,685,0.241483
2,686,0.243631
2,687,0.240114
2,688,0.232822
2,689,0.233609
2,690,0.233986
2,691,0.232816
2,692,0.232783
2,693,0.233511
2,694,0.234088
2,695,0.226121
2,696,0.229925
2,697,0.233265
2,698,0.233960
2,699,0.233495
2,700,0.233486
2,701,0.233070
2,702,0.232909
2,703,0.233162
2,704,0.232901
2,705,0.226507
2,706,0.228342
2,707,0.234216
2,708,0.234720
2,709,0.233729
2,710,0.233821
2,711,0.233173
2,712,0.239881
2,713,0.233406
2,714,0.233320
2,715,0.228425
2,716,0.233083
2,717,0.233525
2,718,0.235922
2,719,0.256190
2,720,0.263715
2,721,0.256574
2,722,0.251246
2,723,0.242584
2,724,0.246347
2,725,0.246692
2,726,0.241687
2,727,0.242177
2,728,0.236467
2,729,0.233629
2,730,0.233307
2,731,0.236672
2,732,0.233697
2,733,0.237338
2,734,0.235583
2,735,0.234814
2,736,0.233897
2,737,0.235068
2,738,0.260201
2,739,0.247203
2,740,0.241366
2,741,0.232740
2,742,0.233454
2,743,0.233310
2,744,0.238569
2,745,0.241719
2,746,0.238644
2,747,0.233207
2,748,0.239407
2,749,0.236808
2,750,0.237390
2,751,0.241850
2,752,0.233794
2,753,0.233300
2,754,0.232421
2,755,0.232467
2,756,0.232211
2,757,0.231782
2,758,0.225222
2,759,0.229431
2,760,0.233444
2,761,0.236729
2,762,0.240270
2,763,0.242133
2,764,0.233291
2,765,0.233436
2,766,0.233381
2,767,0.233846
2,768,0.233489
2,769,0.232921
2,770,0.233582
2,771,0.233273
2,772,0.233496
2,773,0.233128
2,774,0.233022
2,775,0.232886
2,776,0.233656
2,777,0.233062
2,778,0.233124
2,779,0.235700
2,780,0.237966
2,781,0.233530
2,782,0.233145
2,783,0.235390
2,784,0.246368
2,785,0.242356
2,786,0.241197
2,787,0.233119
2,788,0.232638
2,789,0.239838
2,790,0.241802
2,791,0.241621
2,792,0.232763
2,793,0.233455
2,794,0.233736
2,795,0.233372
2,796,0.233302
2,797,0.234055
2,798,0.236595
2,799,0.247485
2,800,0.242467
2,801,0.242377
2,802,0.243321
2,803,0.240882
2,804,0.237720
2,805,0.241460
2,806,0.240502
2,807,0.243652
2,808,0.241867
2,809,0.234799
2,810,0.234624
2,811,0.237957
2,812,0.242116
2,813,0.241620
2,814,0.233721
2,815,0.233388
2,816,0.233484
2,817,0.237831
2,818,0.246276
2,819,0.235962
2,820,0.234267
2,821,0.238524
2,822,0.233181
2,823,0.234042
2,824,0.235954
2,825,0.232901
2,826,0.233141
2,827,0.234714
2,828,0.237684
2,829,0.233403
2,830,0.236260
2,831,0.248739
2,832,0.245433
2,833,0.242007
2,834,0.241879
2,835,0.233419
2,836,0.233273
2,837,0.232827
2,838,0.232826
2,839,0.232978
2,840,0.233405
2,841,0.232846
2,842,0.233270
2,843,0.233757
2,844,0.233859
2,845,0.226078
2,846,0.229034
2,847,0.237745
2,848,0.233716
2,849,0.232955
2,850,0.233100
2,851,0.233882
2,852,0.234071
2,853,0.233841
2,854,0.233891
2,855,0.233471
2,856,0.233524
2,857,0.234637
2,858,0.233493
2,859,0.233629
2,860,0.232674
2,861,0.233542
2,862,0.233199
2,863,0.225921
2,864,0.227919
2,865,0.233759
2,866,0.233754
2,867,0.227133
2,868,0.231636
2,869,0.233433
2,870,0.230393
2,871,0.225985
2,872,0.234084
2,873,0.233284
2,874,0.233092
2,875,0.225818
2,876,0.229585
2,877,0.233257
2,878,0.232972
2,879,0.234205
2,880,0.233783
2,881,0.234819
2,882,0.242882
2,883,0.241805
2,884,0.236812
2,885,0.233338
2,886,0.233037
2,887,0.233298
2,888,0.232754
2,889,0.233161
2,890,0.233643
2,891,0.232969
2,892,0.233978
2,893,0.233879
2,894,0.233751
2,895,0.232818
2,896,0.233215
2,897,0.231194
2,898,0.233465
2,899,0.233330
2,900,0.232668
2,901,0.232858
2,902,0.233502
2,903,0.232561
2,904,0.233225
2,905,0.235104
2,906,0.233930
2,907,0.232912
2,908,0.233532
2,909,0.260921
2,910,0.248739
2,911,0.245324
2,912,0.241038
2,913,0.245311
2,914,0.243852
2,915,0.244311
2,916,0.235819
2,917,0.235219
2,918,0.243069
2,919,0.243619
2,920,0.241807
2,921,0.245905
2,922,0.239026
2,923,0.233280
2,924,0.233008
2,925,0.236714
2,926,0.234604
2,927,0.234013
2,928,0.233560
2,929,0.233736
2,930,0.233338
2,931,0.232883
2,932,0.235152
2,933,0.233336
2,934,0.234221
2,935,0.232403
2,936,0.233291
2,937,0.233925
2,938,0.232986
2,939,0.232793
2,940,0.233478
2,941,0.233097
2,942,0.233210
2,943,0.233174
2,944,0.232952
2,945,0.233090
2,946,0.233204
2,947,0.233585
2,948,0.233111
2,949,0.236502
2,950,0.233550
2,951,0.236203
2,952,0.235852
2,953,0.242494
2,954,0.238560
2,955,0.233759
2,956,0.232861
2,957,0.232495
2,958,0.233260
2,959,0.236847
2,960,0.233738
2,961,0.227835
2,962,0.230806
2,963,0.234362
2,964,0.231933
2,965,0.225565
2,966,0.228925
2,967,0.233576
2,968,0.233624
2,969,0.233623
2,970,0.232837
2,971,0.232875
2,972,0.225787
2,973,0.228585
2,974,0.233579
2,975,0.241211
2,976,0.261016
2,977,0.254016
2,978,0.242791
2,979,0.243655
2,980,0.233047
2,981,0.240849
2,982,0.241463
2,983,0.238931
2,984,0.245018
2,985,0.234424
2,986,0.233166
2,987,0.233277
2,988,0.233380
2,989,0.233343
2,990,0.232507
2,991,0.233058
2,992,0.233192
2,993,0.232595
2,994,0.225545
2,995,0.228856
2,996,0.232811
2,997,0.233385
2,998,0.225600
2,999,0.230563
2,1000,0.233209
4,1,0.162592
4,2,0.176925
4,3,0.187189
4,4,0.202094
4,5,0.210628
4,6,0.227835
4,7,0.239041
4,8,0.213357
4,9,0.208614
4,10,0.209959
4,11,0.210843
4,12,0.200536
4,13,0.209525
4,14,0.204150
4,15,0.198814
4,16,0.201244
4,17,0.199966
4,18,0.198146
4,19,0.199117
4,20,0.198638
4,21,0.199901
4,22,0.200319
4,23,0.200525
4,24,0.198707
4,25,0.201471
4,26,0.199714
4,27,0.198817
4,28,0.200475
4,29,0.199279
4,30,0.199668
4,31,0.199017
4,32,0.200507
4,33,0.200986
4,34,0.198314
4,35,0.197267
4,36,0.201521
4,37,0.198833
4,38,0.198809
4,39,0.199541
4,40,0.200940
4,41,0.203717
4,42,0.198984
4,43,0.199280
4,44,0.202805
4,45,0.196987
4,46,0.201013
4,47,0.199396
4,48,0.198562
4,49,0.203685
4,50,0.198837
4,51,0.199322
4,52,0.198934
4,53,0.198014
4,54,0.203080
4,55,0.198784
4,56,0.210933
4,57,0.199299
4,58,0.198596
4,59,0.197928
4,60,0.198531
4,61,0.198007
4,62,0.201556
4,63,0.200491
4,64,0.203747
4,65,0.207153
4,66,0.197339
4,67,0.205460
4,68,0.200164
4,69,0.199001
4,70,0.200553
4,71,0.200057
4,72,0.199499
4,73,0.199286
4,74,0.202388
4,75,0.198050
4,76,0.199956
4,77,0.201310
4,78,0.205018
4,79,0.204646
4,80,0.198099
4,81,0.196972
4,82,0.199633
4,83,0.201273
4,84,0.212987
4,85,0.209105
4,86,0.206705
4,87,0.200539
4,88,0.201002
4,89,0.209829
4,90,0.209479
4,91,0.208216
4,92,0.212596
4,93,0.207343
4,94,0.201955
4,95,0.239667
4,96,0.208568
4,97,0.207729
4,98,0.209875
4,99,0.206380
4,100,0.199340
4,101,0.198135
4,102,0.203978
4,103,0.201445
4,104,0.199665
4,105,0.203534
4,106,0.202191
4,107,0.217868
4,108,0.212454
4,109,0.205555
4,110,0.200631
4,111,0.205026
4,112,0.208928
4,113,0.203618
4,114,0.203583
4,115,0.210237
4,116,0.207835
4,117,0.207779
4,118,0.211256
4,119,0.201628
4,120,0.199489
4,121,0.197711
4,122,0.199328
4,123,0.198168
4,124,0.200217
4,125,0.198361
4,126,0.198464
4,127,0.198900
4,128,0.198548
4,129,0.197737
4,130,0.198774
4,131,0.191607
4,132,0.198402
4,133,0.197890
4,134,0.199072
4,135,0.192639
4,136,0.202912
4,137,0.196919
4,138,0.199782
4,139,0.198273
4,140,0.199408
4,141,0.200101
4,142,0.195289
4,143,0.199908
4,144,0.198854
4,145,0.201355
4,146,0.199717
4,147,0.198369
4,148,0.199449
4,149,0.199241
4,150,0.197897
4,151,0.193961
4,152,0.199367
4,153,0.198314
4,154,0.199007
4,155,0.198197
4,156,0.197683
4,157,0.190957
4,158,0.197769
4,159,0.197667
4,160,0.198578
4,161,0.199487
4,162,0.200701
4,163,0.205318
4,164,0.206993
4,165,0.199924
4,166,0.199005
4,167,0.201610
4,168,0.206881
4,169,0.199412
4,170,0.199001
4,171,0.198101
4,172,0.199112
4,173,0.198940
4,174,0.199874
4,175,0.198621
4,176,0.199109
4,177,0.200839
4,178,0.197848
4,179,0.205361
4,180,0.203927
4,181,0.212944
4,182,0.215401
4,183,0.200231
4,184,0.201199
4,185,0.209039
4,186,0.210298
4,187,0.209802
4,188,0.211727
4,189,0.209596
4,190,0.213516
4,191,0.209239
4,192,0.212819
4,193,0.219383
4,194,0.208846
4,195,0.209319
4,196,0.203115
4,197,0.200146
4,198,0.198889
4,199,0.204864
4,200,0.197918
4,201,0.200423
4,202,0.201338
4,203,0.199365
4,204,0.202295
4,205,0.199836
4,206,0.212806
4,207,0.208223
4,208,0.209132
4,209,0.210770
4,210,0.198536
4,211,0.199873
4,212,0.202094
4,213,0.211762
4,214,0.208108
4,215,0.209275
4,216,0.199120
4,217,0.200602
4,218,0.210558
4,219,0.214795
4,220,0.209973
4,221,0.212260
4,222,0.208754
4,223,0.223255
4,224,0.216420
4,225,0.207336
4,226,0.216613
4,227,0.209178
4,228,0.208040
4,229,0.200880
4,230,0.206988
4,231,0.207658
4,232,0.208411
4,233,0.197700
4,234,0.198313
4,235,0.202090
4,236,0.204080
4,237,0.206769
4,238,0.199680
4,239,0.198324
4,240,0.201559
4,241,0.199548
4,242,0.199542
4,243,0.200402
4,244,0.199648
4,245,0.206258
4,246,0.216061
4,247,0.224928
4,248,0.212065
4,249,0.213595
4,250,0.211595
4,251,0.216178
4,252,0.210128
4,253,0.210015
4,254,0.211098
4,255,0.210834
4,256,0.216444
4,257,0.209838
4,258,0.209134
4,259,0.208237
4,260,0.198584
4,261,0.197502
4,262,0.201086
4,263,0.199440
4,264,0.202078
4,265,0.215356
4,266,0.211143
4,267,0.238365
4,268,0.297315
4,269,0.222384
4,270,0.218978
4,271,0.215066
4,272,0.215837
4,273,0.207318
4,274,0.207653
4,275,0.198340
4,276,0.200045
4,277,0.200299
4,278,0.205918
4,279,0.204836
4,280,0.220401
4,281,0.213934
4,282,0.210193
4,283,0.209103
4,284,0.200989
4,285,0.209453
4,286,0.215202
4,287,0.211728
4,288,0.213517
4,289,0.209013
4,290,0.208660
4,291,0.198209
4,292,0.205934
4,293,0.200123
4,294,0.214127
4,295,0.206881
4,296,0.213804
4,297,0.198355
4,298,0.201301
4,299,0.197660
4,300,0.200150
4,301,0.197944
4,302,0.198020
4,303,0.201155
4,304,0.199773
4,305,0.200516
4,306,0.199900
4,307,0.198609
4,308,0.198239
4,309,0.205803
4,310,0.205197
4,311,0.199308
4,312,0.198953
4,313,0.199091
4,314,0.199796
4,315,0.199485
4,316,0.197341
4,317,0.197996
4,318,0.198916
4,319,0.198165
4,320,0.217026
4,321,0.197841
4,322,0.197733
4,323,0.198116
4,324,0.199888
4,325,0.200985
4,326,0.198692
4,327,0.199269
4,328,0.196705
4,329,0.198994
4,330,0.197479
4,331,0.201574
4,332,0.202771
4,333,0.210028
4,334,0.202091
4,335,0.206636
4,336,0.201627
4,337,0.212270
4,338,0.198662
4,339,0.203462
4,340,0.209846
4,341,0.202455
4,342,0.200483
4,343,0.197499
4,344,0.198998
4,345,0.199982
4,346,0.208831
4,347,0.200318
4,348,0.197749
4,349,0.207327
4,350,0.199590
4,351,0.197076
4,352,0.196296
4,353,0.202740
4,354,0.201259
4,355,0.200835
4,356,0.199784
4,357,0.197923
4,358,0.200607
4,359,0.199640
4,360,0.195360
4,361,0.199531
4,362,0.198328
4,363,0.199573
4,364,0.197866
4,365,0.197856
4,366,0.199214
4,367,0.198913
4,368,0.199564
4,369,0.202263
4,370,0.199682
4,371,0.199150
4,372,0.203856
4,373,0.208595
4,374,0.201776
4,375,0.199177
4,376,0.199563
4,377,0.199611
4,378,0.198553
4,379,0.199505
4,380,0.198079
4,381,0.198609
4,382,0.198460
4,383,0.199144
4,384,0.206508
4,385,0.194698
4,386,0.198871
4,387,0.198796
4,388,0.199304
4,389,0.198015
4,390,0.198105
4,391,0.199718
4,392,0.198278
4,393,0.198248
4,394,0.200054
4,395,0.198423
4,396,0.200398
4,397,0.199716
4,398,0.204546
4,399,0.203119
4,400,0.197883
4,401,0.200778
4,402,0.201992
4,403,0.196905
4,404,0.199069
4,405,0.199399
4,406,0.198253
4,407,0.199257
4,408,0.199693
4,409,0.196616
4,410,0.199735
4,411,0.208980
4,412,0.205255
4,413,0.234053
4,414,0.209045
4,415,0.204519
4,416,0.197305
4,417,0.198483
4,418,0.199297
4,419,0.199123
4,420,0.199643
4,421,0.197942
4,422,0.199636
4,423,0.196596
4,424,0.198835
4,425,0.200509
4,426,0.200237
4,427,0.199640
4,428,0.199122
4,429,0.199727
4,430,0.198341
4,431,0.199350
4,432,0.200442
4,433,0.202357
4,434,0.197814
4,435,0.200319
4,436,0.198467
4,437,0.200775
4,438,0.199181
4,439,0.195033
4,440,0.202786
4,441,0.193750
4,442,0.199720
4,443,0.200277
4,444,0.197773
4,445,0.193228
4,446,0.199329
4,447,0.198847
4,448,0.198665
4,449,0.193471
4,450,0.200186
4,451,0.197012
4,452,0.197594
4,453,0.198343
4,454,0.198273
4,455,0.198591
4,456,0.197355
4,457,0.198388
4,458,0.198743
4,459,0.198572
4,460,0.194522
4,461,0.199332
4,462,0.201595
4,463,0.200738
4,464,0.196230
4,465,0.198325
4,466,0.197720
4,467,0.198134
4,468,0.193985
4,469,0.197635
4,470,0.198931
4,471,0.201215
4,472,0.199973
4,473,0.200616
4,474,0.193706
4,475,0.209314
4,476,0.197647
4,477,0.197619
4,478,0.198600
4,479,0.200360
4,480,0.191923
4,481,0.197568
4,482,0.198824
4,483,0.198702
4,484,0.197828
4,485,0.199406
4,486,0.193373
4,487,0.198149
4,488,0.197413
4,489,0.199841
4,490,0.198793
4,491,0.198585
4,492,0.197099
4,493,0.201538
4,494,0.202102
4,495,0.197437
4,496,0.200260
4,497,0.194082
4,498,0.199747
4,499,0.204174
4,500,0.197147
4,501,0.199431
4,502,0.197943
4,503,0.199625
4,504,0.200134
4,505,0.199464
4,506,0.210941
4,507,0.196732
4,508,0.198832
4,509,0.195943
4,510,0.198967
4,511,0.198001
4,512,0.199308
4,513,0.198094
4,514,0.199055
4,515,0.199171
4,516,0.191943
4,517,0.196728
4,518,0.204714
4,519,0.197848
4,520,0.199060
4,521,0.199169
4,522,0.197686
4,523,0.198760
4,524,0.200601
4,525,0.198659
4,526,0.196875
4,527,0.193651
4,528,0.201834
4,529,0.198607
4,530,0.205073
4,531,0.199153
4,532,0.199346
4,533,0.200914
4,534,0.201247
4,535,0.199236
4,536,0.198674
4,537,0.197964
4,538,0.195079
4,539,0.198863
4,540,0.195189
4,541,0.199184
4,542,0.199709
4,543,0.199293
4,544,0.200589
4,545,0.195624
4,546,0.200980
4,547,0.198573
4,548,0.200256
4,549,0.198822
4,550,0.200475
4,551,0.198684
4,552,0.197942
4,553,0.199413
4,554,0.199378
4,555,0.199490
4,556,0.198237
4,557,0.200137
4,558,0.199503
4,559,0.199050
4,560,0.198679
4,561,0.199056
4,562,0.193533
4,563,0.218719
4,564,0.233077
4,565,0.221880
4,566,0.208696
4,567,0.204066
4,568,0.198977
4,569,0.199633
4,570,0.198726
4,571,0.200530
4,572,0.205392
4,573,0.223458
4,574,0.204958
4,575,0.211189
4,576,0.209383
4,577,0.206516
4,578,0.198074
4,579,0.200118
4,580,0.199641
4,581,0.199665
4,582,0.198638
4,583,0.197666
4,584,0.203274
4,585,0.199606
4,586,0.198828
4,587,0.239324
4,588,0.198873
4,589,0.197739
4,590,0.199398
4,591,0.201577
4,592,0.199188
4,593,0.201107
4,594,0.209515
4,595,0.197678
4,596,0.199064
4,597,0.204735
4,598,0.199047
4,599,0.199716
4,600,0.205396
4,601,0.196740
4,602,0.195105
4,603,0.199675
4,604,0.204813
4,605,0.200089
4,606,0.207407
4,607,0.207833
4,608,0.198801
4,609,0.208785
4,610,0.229349
4,611,0.200227
4,612,0.207694
4,613,0.193863
4,614,0.199958
4,615,0.198043
4,616,0.198508
4,617,0.199480
4,618,0.199488
4,619,0.193023
4,620,0.199285
4,621,0.200363
4,622,0.199102
4,623,0.199061
4,624,0.199719
4,625,0.200680
4,626,0.199039
4,627,0.198431
4,628,0.198735
4,629,0.198948
4,630,0.202201
4,631,0.207524
4,632,0.197241
4,633,0.201340
4,634,0.200198
4,635,0.199686
4,636,0.204427
4,637,0.216070
4,638,0.203808
4,639,0.198686
4,640,0.200036
4,641,0.199605
4,642,0.199512
4,643,0.198389
4,644,0.199122
4,645,0.198833
4,646,0.199326
4,647,0.200629
4,648,0.198543
4,649,0.198229
4,650,0.193273
4,651,0.198733
4,652,0.200974
4,653,0.199653
4,654,0.198773
4,655,0.198834
4,656,0.201511
4,657,0.198244
4,658,0.200219
4,659,0.199542
4,660,0.199924
4,661,0.202905
4,662,0.201976
4,663,0.200688
4,664,0.201982
4,665,0.199804
4,666,0.199969
4,667,0.196906
4,668,0.198055
4,669,0.198322
4,670,0.198927
4,671,0.195655
4,672,0.198822
4,673,0.198759
4,674,0.199724
4,675,0.198352
4,676,0.190970
4,677,0.201967
4,678,0.199433
4,679,0.193637
4,680,0.199835
4,681,0.199424
4,682,0.201371
4,683,0.204170
4,684,0.208819
4,685,0.200428
4,686,0.198834
4,687,0.200861
4,688,0.201030
4,689,0.198859
4,690,0.198605
4,691,0.201129
4,692,0.199392
4,693,0.202566
4,694,0.194760
4,695,0.198230
4,696,0.198340
4,697,0.195550
4,698,0.197320
4,699,0.199423
4,700,0.199394
4,701,0.192662
4,702,0.199574
4,703,0.197872
4,704,0.199176
4,705,0.192882
4,706,0.201231
4,707,0.200279
4,708,0.199591
4,709,0.200028
4,710,0.194855
4,711,0.199553
4,712,0.208630
4,713,0.199599
4,714,0.192645
4,715,0.197418
4,716,0.199835
4,717,0.199265
4,718,0.207225
4,719,0.198923
4,720,0.198825
4,721,0.198994
4,722,0.193426
4,723,0.203441
4,724,0.193968
4,725,0.199610
4,726,0.200723
4,727,0.201291
4,728,0.198421
4,729,0.194473
4,730,0.196601
4,731,0.200447
4,732,0.203541
4,733,0.193631
4,734,0.196770
4,735,0.197969
4,736,0.197157
4,737,0.201633
4,738,0.198863
4,739,0.198987
4,740,0.198313
4,741,0.194479
4,742,0.199212
4,743,0.203409
4,744,0.194278
4,745,0.195006
4,746,0.200496
4,747,0.202664
4,748,0.197117
4,749,0.194860
4,750,0.198392
4,751,0.231962
4,752,0.199859
4,753,0.199956
4,754,0.202666
4,755,0.208569
4,756,0.205418
4,757,0.200425
4,758,0.199467
4,759,0.197867
4,760,0.197938
4,761,0.204293
4,762,0.205557
4,763,0.199714
4,764,0.197599
4,765,0.203600
4,766,0.197993
4,767,0.196660
4,768,0.202925
4,769,0.199395
4,770,0.201545
4,771,0.197862
4,772,0.199986
4,773,0.202505
4,774,0.198462
4,775,0.198170
4,776,0.199218
4,777,0.199410
4,778,0.202834
4,779,0.199092
4,780,0.198990
4,781,0.194172
4,782,0.199528
4,783,0.198187
4,784,0.198781
4,785,0.199652
4,786,0.200894
4,787,0.201928
4,788,0.199505
4,789,0.197354
4,790,0.202292
4,791,0.202043
4,792,0.199501
4,793,0.199121
4,794,0.197952
4,795,0.200006
4,796,0.199984
4,797,0.196983
4,798,0.203019
4,799,0.198219
4,800,0.200699
4,801,0.199140
4,802,0.198661
4,803,0.199460
4,804,0.198132
4,805,0.190828
4,806,0.198922
4,807,0.199289
4,808,0.199553
4,809,0.199363
4,810,0.199091
4,811,0.197030
4,812,0.198887
4,813,0.200386
4,814,0.196624
4,815,0.199655
4,816,0.199431
4,817,0.204306
4,818,0.198892
4,819,0.195807
4,820,0.196884
4,821,0.200907
4,822,0.197841
4,823,0.197770
4,824,0.199759
4,825,0.197181
4,826,0.199127
4,827,0.192778
4,828,0.206430
4,829,0.195502
4,830,0.198040
4,831,0.197180
4,832,0.201297
4,833,0.198872
4,834,0.198572
4,835,0.198278
4,836,0.200188
4,837,0.198075
4,838,0.199011
4,839,0.198254
4,840,0.199440
4,841,0.198822
4,842,0.198283
4,843,0.197575
4,844,0.201399
4,845,0.199297
4,846,0.202284
4,847,0.192873
4,848,0.208039
4,849,0.202097
4,850,0.195284
4,851,0.206340
4,852,0.193395
4,853,0.201368
4,854,0.192319
4,855,0.199484
4,856,0.199050
4,857,0.199126
4,858,0.197102
4,859,0.200516
4,860,0.196102
4,861,0.197932
4,862,0.199149
4,863,0.199994
4,864,0.199817
4,865,0.192992
4,866,0.226336
4,867,0.240760
4,868,0.217715
4,869,0.201930
4,870,0.198159
4,871,0.198515
4,872,0.198867
4,873,0.198173
4,874,0.198156
4,875,0.199244
4,876,0.200600
4,877,0.199204
4,878,0.197982
4,879,0.198978
4,880,0.198881
4,881,0.200668
4,882,0.198886
4,883,0.198547
4,884,0.203583
4,885,0.193907
4,886,0.203022
4,887,0.198448
4,888,0.199214
4,889,0.197444
4,890,0.197446
4,891,0.200212
4,892,0.200920
4,893,0.200862
4,894,0.197648
4,895,0.204795
4,896,0.198348
4,897,0.194544
4,898,0.196924
4,899,0.199324
4,900,0.198130
4,901,0.199841
4,902,0.192835
4,903,0.200541
4,904,0.197953
4,905,0.198920
4,906,0.193935
4,907,0.200550
4,908,0.199969
4,909,0.197046
4,910,0.200981
4,911,0.199849
4,912,0.194683
4,913,0.207912
4,914,0.217361
4,915,0.251946
4,916,0.214121
4,917,0.208126
4,918,0.207215
4,919,0.201320
4,920,0.204751
4,921,0.216523
4,922,0.217763
4,923,0.211795
4,924,0.210773
4,925,0.210772
4,926,0.315126
4,927,0.258711
4,928,0.241876
4,929,0.248700
4,930,0.220199
4,931,0.220790
4,932,0.217339
4,933,0.211240
4,934,0.213979
4,935,0.232250
4,936,0.247555
4,937,0.206930
4,938,0.208021
4,939,0.245951
4,940,0.228573
4,941,0.236182
4,942,0.256030
4,943,0.248623
4,944,0.250799
4,945,0.223228
4,946,0.252883
4,947,0.232239
4,948,0.218777
4,949,0.232838
4,950,0.208771
4,951,0.212283
4,952,0.201751
4,953,0.229153
4,954,0.227908
4,955,0.226838
4,956,0.227685
4,957,0.235778
4,958,0.216733
4,959,0.251566
4,960,0.243601
4,961,0.251106
4,962,0.217327
4,963,0.260697
4,964,0.255498
4,965,0.237925
4,966,0.231112
4,967,0.238687
4,968,0.227104
4,969,0.240742
4,970,0.226437
4,971,0.233638
4,972,0.210119
4,973,0.225605
4,974,0.226686
4,975,0.236806
4,976,0.235351
4,977,0.328068
4,978,0.261994
4,979,0.225426
4,980,0.229664
4,981,0.221127
4,982,0.217897
4,983,0.218145
4,984,0.209429
4,985,0.220661
4,986,0.210243
4,987,0.210044
4,988,0.209875
4,989,0.198586
4,990,0.199005
4,991,0.203891
4,992,0.207389
4,993,0.210736
4,994,0.217536
4,995,0.219725
4,996,0.207344
4,997,0.237391
4,998,0.207965
4,999,0.209368
4,1000,0.210212
8,1,0.223545
8,2,0.231928
8,3,0.231480
8,4,0.236170
8,5,0.245931
8,6,0.243965
8,7,0.231666
8,8,0.236342
8,9,0.246380
8,10,0.241540
8,11,0.247182
8,12,0.231956
8,13,0.279268
8,14,0.240340
8,15,0.233873
8,16,0.271182
8,17,0.234607
8,18,0.230995
8,19,0.232890
8,20,0.233081
8,21,0.231047
8,22,0.233892
8,23,0.235295
8,24,0.233686
8,25,0.232046
8,26,0.231929
8,27,0.247575
8,28,0.229039
8,29,0.233064
8,30,0.229096
8,31,0.234369
8,32,0.230101
8,33,0.228028
8,34,0.232750
8,35,0.230797
8,36,0.238111
8,37,0.230304
8,38,0.232162
8,39,0.229546
8,40,0.231485
8,41,0.241388
8,42,0.235985
8,43,0.234711
8,44,0.233537
8,45,0.235181
8,46,0.234849
8,47,0.230741
8,48,0.244341
8,49,0.237437
8,50,0.240260
8,51,0.239719
8,52,0.238821
8,53,0.233034
8,54,0.233954
8,55,0.233413
8,56,0.241820
8,57,0.231057
8,58,0.228752
8,59,0.232589
8,60,0.233154
8,61,0.230317
8,62,0.232770
8,63,0.246041
8,64,0.237588
8,65,0.239212
8,66,0.232477
8,67,0.234239
8,68,0.231824
8,69,0.242190
8,70,0.235069
8,71,0.233388
8,72,0.233603
8,73,0.236625
8,74,0.240899
8,75,0.233597
8,76,0.234059
8,77,0.234059
8,78,0.236866
8,79,0.233119
8,80,0.233146
8,81,0.232156
8,82,0.232733
8,83,0.231423
8,84,0.235482
8,85,0.236065
8,86,0.241910
8,87,0.232998
8,88,0.235082
8,89,0.233501
8,90,0.233898
8,91,0.237564
8,92,0.234592
8,93,0.230529
8,94,0.233900
8,95,0.234003
8,96,0.237334
8,97,0.243408
8,98,0.232290
8,99,0.234513
8,100,0.236570
8,101,0.237716
8,102,0.229392
8,103,0.233634
8,104,0.236918
8,105,0.240297
8,106,0.242919
8,107,0.236007
8,108,0.240879
8,109,0.247635
8,110,0.243016
8,111,0.230039
8,112,0.235877
8,113,0.252389
8,114,0.249201
8,115,0.231387
8,116,0.244647
8,117,0.239932
8,118,0.244206
8,119,0.233678
8,120,0.237019
8,121,0.237400
8,122,0.232449
8,123,0.229520
8,124,0.239904
8,125,0.246561
8,126,0.247733
8,127,0.250625
8,128,0.247204
8,129,0.249564
8,130,0.298630
8,131,0.272438
8,132,0.263395
8,133,0.254216
8,134,0.247182
8,135,0.249817
8,136,0.254017
8,137,0.243548
8,138,0.251239
8,139,0.243725
8,140,0.231607
8,141,0.241889
8,142,0.248542
8,143,0.254493
8,144,0.245076
8,145,0.242991
8,146,0.237801
8,147,0.248521
8,148,0.245352
8,149,0.236126
8,150,0.250495
8,151,0.260172
8,152,0.262010
8,153,0.271269
8,154,0.284176
8,155,0.258912
8,156,0.267050
8,157,0.262333
8,158,0.260474
8,159,0.250578
8,160,0.256786
8,161,0.242242
8,162,0.241396
8,163,0.246152
8,164,0.243437
8,165,0.252950
8,166,0.254943
8,167,0.256687
8,168,0.270153
8,169,0.240028
8,170,0.239178
8,171,0.242744
8,172,0.253203
8,173,0.249708
8,174,0.239273
8,175,0.241386
8,176,0.230223
8,177,0.240771
8,178,0.240419
8,179,0.234224
8,180,0.230658
8,181,0.238851
8,182,0.238289
8,183,0.232696
8,184,0.234766
8,185,0.233316
8,186,0.232835
8,187,0.232321
8,188,0.232791
8,189,0.240190
8,190,0.238733
8,191,0.234429
8,192,0.234032
8,193,0.236517
8,194,0.234526
8,195,0.232907
8,196,0.231217
8,197,0.232871
8,198,0.235010
8,199,0.234365
8,200,0.233706
8,201,0.234825
8,202,0.234978
8,203,0.236277
8,204,0.232062
8,205,0.232801
8,206,0.233588
8,207,0.232439
8,208,0.233719
8,209,0.233375
8,210,0.231792
8,211,0.234830
8,212,0.232362
8,213,0.236470
8,214,0.230876
8,215,0.240366
8,216,0.234624
8,217,0.250562
8,218,0.249853
8,219,0.234417
8,220,0.234334
8,221,0.233369
8,222,0.246637
8,223,0.238261
8,224,0.247365
8,225,0.246211
8,226,0.241716
8,227,0.234460
8,228,0.232348
8,229,0.240244
8,230,0.250708
8,231,0.248953
8,232,0.234055
8,233,0.238424
8,234,0.238035
8,235,0.239208
8,236,0.238081
8,237,0.233878
8,238,0.233963
8,239,0.254136
8,240,0.240081
8,241,0.247609
8,242,0.235697
8,243,0.242651
8,244,0.251582
8,245,0.251682
8,246,0.247357
8,247,0.235846
8,248,0.231817
8,249,0.240287
8,250,0.250142
8,251,0.240832
8,252,0.231061
8,253,0.267600
8,254,0.245468
8,255,0.237850
8,256,0.232688
8,257,0.247465
8,258,0.246404
8,259,0.260440
8,260,0.248128
8,261,0.242991
8,262,0.237758
8,263,0.232901
8,264,0.240066
8,265,0.240840
8,266,0.240154
8,267,0.242179
8,268,0.246132
8,269,0.233884
8,270,0.233386
8,271,0.236769
8,272,0.236660
8,273,0.235987
8,274,0.236199
8,275,0.230623
8,276,0.233520
8,277,0.244429
8,278,0.232861
8,279,0.240006
8,280,0.250270
8,281,0.246380
8,282,0.245714
8,283,0.242303
8,284,0.233079
8,285,0.234143
8,286,0.231657
8,287,0.233690
8,288,0.229698
8,289,0.235461
8,290,0.233026
8,291,0.231924
8,292,0.234268
8,293,0.251492
8,294,0.244446
8,295,0.234924
8,296,0.229213
8,297,0.234593
8,298,0.232717
8,299,0.243290
8,300,0.233761
8,301,0.230089
8,302,0.233833
8,303,0.231239
8,304,0.236860
8,305,0.232410
8,306,0.232169
8,307,0.234435
8,308,0.237248
8,309,0.235856
8,310,0.237014
8,311,0.234566
8,312,0.233233
8,313,0.235593
8,314,0.245057
8,315,0.232615
8,316,0.232569
8,317,0.232687
8,318,0.231362
8,319,0.234646
8,320,0.239987
8,321,0.250916
8,322,0.237831
8,323,0.240779
8,324,0.231479
8,325,0.234370
8,326,0.234148
8,327,0.232107
8,328,0.233739
8,329,0.236845
8,330,0.232914
8,331,0.237114
8,332,0.241274
8,333,0.235593
8,334,0.234454
8,335,0.232440
8,336,0.235298
8,337,0.235427
8,338,0.234049
8,339,0.230865
8,340,0.233033
8,341,0.236447
8,342,0.244000
8,343,0.249107
8,344,0.253777
8,345,0.249662
8,346,0.250855
8,347,0.244296
8,348,0.231983
8,349,0.235393
8,350,0.240758
8,351,0.237744
8,352,0.231993
8,353,0.251049
8,354,0.235956
8,355,0.238707
8,356,0.246088
8,357,0.243553
8,358,0.247327
8,359,0.237797
8,360,0.245303
8,361,0.234326
8,362,0.240722
8,363,0.245696
8,364,0.247706
8,365,0.245338
8,366,0.244530
8,367,0.240308
8,368,0.245069
8,369,0.233754
8,370,0.232287
8,371,0.232602
8,372,0.232441
8,373,0.231914
8,374,0.237046
8,375,0.229338
8,376,0.232243
8,377,0.233672
8,378,0.230842
8,379,0.234581
8,380,0.232380
8,381,0.246823
8,382,0.240210
8,383,0.240367
8,384,0.232488
8,385,0.238199
8,386,0.248362
8,387,0.246653
8,388,0.246008
8,389,0.245468
8,390,0.249846
8,391,0.249715
8,392,0.242539
8,393,0.238610
8,394,0.235603
8,395,0.251797
8,396,0.247255
8,397,0.251166
8,398,0.239909
8,399,0.242034
8,400,0.232587
8,401,0.236854
8,402,0.236232
8,403,0.232830
8,404,0.234545
8,405,0.235690
8,406,0.237272
8,407,0.245724
8,408,0.247193
8,409,0.233260
8,410,0.236193
8,411,0.241724
8,412,0.241694
8,413,0.240058
8,414,0.246280
8,415,0.237754
8,416,0.229902
8,417,0.233177
8,418,0.244758
8,419,0.234058
8,420,0.242333
8,421,0.249001
8,422,0.233051
8,423,0.232367
8,424,0.237207
8,425,0.295958
8,426,0.248537
8,427,0.250621
8,428,0.248560
8,429,0.248599
8,430,0.243844
8,431,0.232160
8,432,0.233715
8,433,0.234043
8,434,0.235063
8,435,0.231348
8,436,0.242891
8,437,0.249170
8,438,0.234327
8,439,0.236313
8,440,0.236344
8,441,0.234258
8,442,0.232674
8,443,0.233140
8,444,0.232951
8,445,0.233784
8,446,0.235713
8,447,0.230294
8,448,0.234118
8,449,0.242780
8,450,0.245336
8,451,0.251368
8,452,0.245530
8,453,0.234263
8,454,0.231680
8,455,0.234402
8,456,0.235665
8,457,0.233621
8,458,0.240513
8,459,0.233174
8,460,0.232003
8,461,0.233569
8,462,0.234628
8,463,0.238323
8,464,0.236504
8,465,0.231850
8,466,0.243381
8,467,0.233405
8,468,0.229698
8,469,0.232409
8,470,0.230947
8,471,0.234726
8,472,0.234066
8,473,0.234883
8,474,0.235406
8,475,0.235297
8,476,0.232997
8,477,0.247870
8,478,0.235258
8,479,0.247037
8,480,0.236029
8,481,0.234058
8,482,0.235205
8,483,0.240410
8,484,0.248932
8,485,0.246507
8,486,0.234531
8,487,0.232803
8,488,0.243355
8,489,0.240821
8,490,0.231463
8,491,0.236096
8,492,0.231504
8,493,0.229641
8,494,0.240110
8,495,0.243241
8,496,0.236232
8,497,0.231023
8,498,0.233219
8,499,0.234159
8,500,0.233601
8,501,0.240103
8,502,0.245398
8,503,0.232253
8,504,0.239801
8,505,0.231926
8,506,0.239478
8,507,0.245681
8,508,0.232284
8,509,0.234401
8,510,0.232973
8,511,0.235113
8,512,0.236453
8,513,0.235419
8,514,0.234502
8,515,0.244135
8,516,0.256769
8,517,0.261037
8,518,0.247903
8,519,0.249401
8,520,0.245525
8,521,0.236245
8,522,0.232964
8,523,0.232886
8,524,0.229585
8,525,0.241158
8,526,0.248822
8,527,0.247037
8,528,0.246050
8,529,0.234327
8,530,0.231936
8,531,0.238703
8,532,0.235478
8,533,0.233532
8,534,0.233523
8,535,0.235371
8,536,0.234112
8,537,0.232055
8,538,0.245017
8,539,0.250100
8,540,0.236272
8,541,0.231908
8,542,0.232759
8,543,0.233838
8,544,0.240596
8,545,0.244596
8,546,0.232881
8,547,0.231204
8,548,0.233598
8,549,0.232358
8,550,0.232525
8,551,0.244804
8,552,0.242317
8,553,0.229696
8,554,0.234017
8,555,0.246790
8,556,0.243081
8,557,0.236930
8,558,0.234637
8,559,0.247258
8,560,0.245995
8,561,0.236267
8,562,0.233548
8,563,0.233797
8,564,0.233468
8,565,0.236797
8,566,0.232373
8,567,0.234084
8,568,0.243900
8,569,0.246593
8,570,0.236132
8,571,0.236925
8,572,0.241298
8,573,0.240141
8,574,0.241813
8,575,0.233861
8,576,0.233095
8,577,0.231997
8,578,0.229045
8,579,0.233529
8,580,0.233555
8,581,0.232036
8,582,0.236032
8,583,0.286549
8,584,0.234907
8,585,0.230232
8,586,0.239035
8,587,0.241430
8,588,0.230344
8,589,0.237852
8,590,0.235130
8,591,0.239287
8,592,0.235837
8,593,0.232408
8,594,0.233034
8,595,0.235486
8,596,0.247296
8,597,0.241922
8,598,0.251355
8,599,0.233572
8,600,0.247176
8,601,0.249352
8,602,0.242368
8,603,0.233247
8,604,0.234924
8,605,0.230345
8,606,0.239882
8,607,0.249261
8,608,0.234631
8,609,0.234817
8,610,0.230891
8,611,0.234806
8,612,0.232733
8,613,0.227143
8,614,0.234158
8,615,0.235325
8,616,0.236087
8,617,0.233404
8,618,0.229682
8,619,0.234167
8,620,0.231884
8,621,0.235131
8,622,0.231257
8,623,0.234104
8,624,0.230912
8,625,0.234364
8,626,0.242153
8,627,0.232100
8,628,0.231550
8,629,0.239716
8,630,0.240293
8,631,0.234120
8,632,0.237052
8,633,0.246180
8,634,0.238633
8,635,0.241088
8,636,0.238738
8,637,0.239754
8,638,0.233949
8,639,0.253861
8,640,0.243985
8,641,0.246685
8,642,0.235885
8,643,0.246202
8,644,0.246884
8,645,0.238450
8,646,0.246983
8,647,0.241188
8,648,0.248526
8,649,0.249674
8,650,0.236653
8,651,0.237164
8,652,0.247116
8,653,0.247828
8,654,0.238946
8,655,0.234677
8,656,0.235050
8,657,0.231365
8,658,0.234851
8,659,0.234079
8,660,0.234774
8,661,0.231778
8,662,0.230663
8,663,0.234877
8,664,0.232365
8,665,0.231271
8,666,0.234462
8,667,0.232476
8,668,0.231738
8,669,0.236817
8,670,0.252021
8,671,0.250829
8,672,0.245720
8,673,0.261055
8,674,0.254998
8,675,0.240553
8,676,0.244646
8,677,0.246981
8,678,0.247891
8,679,0.247460
8,680,0.244396
8,681,0.235431
8,682,0.237120
8,683,0.259220
8,684,0.252772
8,685,0.251388
8,686,0.248306
8,687,0.241954
8,688,0.247390
8,689,0.248983
8,690,0.250927
8,691,0.244359
8,692,0.251792
8,693,0.234165
8,694,0.235037
8,695,0.237613
8,696,0.236416
8,697,0.256891
8,698,0.260871
8,699,0.262460
8,700,0.261541
8,701,0.244307
8,702,0.229594
8,703,0.236154
8,704,0.232029
8,705,0.230472
8,706,0.231878
8,707,0.266334
8,708,0.230575
8,709,0.229265
8,710,0.232987
8,711,0.234015
8,712,0.240983
8,713,0.228340
8,714,0.237022
8,715,0.235339
8,716,0.235412
8,717,0.237088
8,718,0.239425
8,719,0.240030
8,720,0.238766
8,721,0.228509
8,722,0.230010
8,723,0.233935
8,724,0.233590
8,725,0.231126
8,726,0.233964
8,727,0.232972
8,728,0.233866
8,729,0.234416
8,730,0.233786
8,731,0.231546
8,732,0.233055
8,733,0.231328
8,734,0.230604
8,735,0.233888
8,736,0.230587
8,737,0.228555
8,738,0.231060
8,739,0.238111
8,740,0.232932
8,741,0.232948
8,742,0.229445
8,743,0.233443
8,744,0.232022
8,745,0.234622
8,746,0.233383
8,747,0.235814
8,748,0.232903
8,749,0.235608
8,750,0.230702
8,751,0.233841
8,752,0.233672
8,753,0.236265
8,754,0.235100
8,755,0.236815
8,756,0.233005
8,757,0.231602
8,758,0.236841
8,759,0.232941
8,760,0.233634
8,761,0.230921
8,762,0.231444
8,763,0.235798
8,764,0.232854
8,765,0.229196
8,766,0.233499
8,767,0.231996
8,768,0.232855
8,769,0.233297
8,770,0.233127
8,771,0.234773
8,772,0.234350
8,773,0.234721
8,774,0.233961
8,775,0.231029
8,776,0.234165
8,777,0.242408
8,778,0.234914
8,779,0.231104
8,780,0.234019
8,781,0.233578
8,782,0.230505
8,783,0.235730
8,784,0.231850
8,785,0.230783
8,786,0.234326
8,787,0.232302
8,788,0.229143
8,789,0.231318
8,790,0.229625
8,791,0.232457
8,792,0.235988
8,793,0.229921
8,794,0.231488
8,795,0.231538
8,796,0.236557
8,797,0.235008
8,798,0.233163
8,799,0.242007
8,800,0.233872
8,801,0.229911
8,802,0.232888
8,803,0.234915
8,804,0.235477
8,805,0.236469
8,806,0.234533
8,807,0.236367
8,808,0.234026
8,809,0.232853
8,810,0.232384
8,811,0.231575
8,812,0.230503
8,813,0.233802
8,814,0.232276
8,815,0.238135
8,816,0.234733
8,817,0.234841
8,818,0.235926
8,819,0.239368
8,820,0.229706
8,821,0.234218
8,822,0.241359
8,823,0.229854
8,824,0.229811
8,825,0.229322
8,826,0.232340
8,827,0.231002
8,828,0.232532
8,829,0.235219
8,830,0.233365
8,831,0.232726
8,832,0.233801
8,833,0.232524
8,834,0.233770
8,835,0.229487
8,836,0.233264
8,837,0.233723
8,838,0.238615
8,839,0.231078
8,840,0.234152
8,841,0.230932
8,842,0.231082
8,843,0.233935
8,844,0.238434
8,845,0.243130
8,846,0.247540
8,847,0.277891
8,848,0.268129
8,849,0.266044
8,850,0.247937
8,851,0.246130
8,852,0.272627
8,853,0.264581
8,854,0.266922
8,855,0.260245
8,856,0.248632
8,857,0.243770
8,858,0.241149
8,859,0.234150
8,860,0.233947
8,861,0.249054
8,862,0.247844
8,863,0.251543
8,864,0.249233
8,865,0.250895
8,866,0.251431
8,867,0.252387
8,868,0.251304
8,869,0.246311
8,870,0.243068
8,871,0.233182
8,872,0.233104
8,873,0.234681
8,874,0.236365
8,875,0.254708
8,876,0.246441
8,877,0.230488
8,878,0.240671
8,879,0.234427
8,880,0.230307
8,881,0.228885
8,882,0.233644
8,883,0.232847
8,884,0.234906
8,885,0.236411
8,886,0.233085
8,887,0.229910
8,888,0.229193
8,889,0.231776
8,890,0.237299
8,891,0.236423
8,892,0.243932
8,893,0.230325
8,894,0.232967
8,895,0.232651
8,896,0.234731
8,897,0.230838
8,898,0.231585
8,899,0.235018
8,900,0.232644
8,901,0.230934
8,902,0.233859
8,903,0.231907
8,904,0.231733
8,905,0.235088
8,906,0.237839
8,907,0.238125
8,908,0.250291
8,909,0.246702
8,910,0.245296
8,911,0.243882
8,912,0.233895
8,913,0.236170
8,914,0.246159
8,915,0.248222
8,916,0.238449
8,917,0.242880
8,918,0.245423
8,919,0.233098
8,920,0.236916
8,921,0.235582
8,922,0.232800
8,923,0.233376
8,924,0.241838
8,925,0.246348
8,926,0.240507
8,927,0.231957
8,928,0.233699
8,929,0.232138
8,930,0.234198
8,931,0.239835
8,932,0.231678
8,933,0.232021
8,934,0.231673
8,935,0.229909
8,936,0.231324
8,937,0.231695
8,938,0.235921
8,939,0.233084
8,940,0.235137
8,941,0.237827
8,942,0.243296
8,943,0.251083
8,944,0.244585
8,945,0.244541
8,946,0.236376
8,947,0.249110
8,948,0.250550
8,949,0.247827
8,950,0.234167
8,951,0.247278
8,952,0.254566
8,953,0.255462
8,954,0.250306
8,955,0.243323
8,956,0.240822
8,957,0.231891
8,958,0.239565
8,959,0.238536
8,960,0.231699
8,961,0.231879
8,962,0.244413
8,963,0.230852
8,964,0.237311
8,965,0.235903
8,966,0.234310
8,967,0.233373
8,968,0.234119
8,969,0.232444
8,970,0.233324
8,971,0.237961
8,972,0.240894
8,973,0.248384
8,974,0.233532
8,975,0.237629
8,976,0.254228
8,977,0.234463
8,978,0.243260
8,979,0.245749
8,980,0.233886
8,981,0.234197
8,982,0.230715
8,983,0.234781
8,984,0.232169
8,985,0.232933
8,986,0.235760
8,987,0.233054
8,988,0.237418
8,989,0.234104
8,990,0.233963
8,991,0.233759
8,992,0.232938
8,993,0.238538
8,994,0.234226
8,995,0.243307
8,996,0.239309
8,997,0.233464
8,998,0.230057
8,999,0.231201
8,1000,0.233435
